<panel gap="8" columns="1">
   <menubar weightx="1">
      <menu text="File">      	
         <menuitem text="Exit" action="exit"/>
      </menu>
      <menu text="Load">
         <menuitem text="From File" enabled="false"/>
         <menuitem text="From vCard" enabled="false"/>
         <menuitem text="From Yahoo CSV" enabled="false"/>
         <menuitem text="From Advogato" enabled="false"/>
         <menu text="Friend">
	         <menuitem text="From File" enabled="false"/>
    	     <menuitem text="From vCard" enabled="false"/>
        	 <menuitem text="From Yahoo CSV" enabled="false"/>
        	 <menuitem text="From Advogato" enabled="false"/>
        	 <menuitem text="From OPML" enabled="false"/>
         </menu>
      </menu>
      <menu text="Save">
         <menuitem text="To File" action="saveToFile"/>
         <menuitem text="To Clipboard" action="saveToClipboard"/>
         <menuitem text="To Screen" action="saveToScreen"/>
         <menuitem text="To vCard" enabled="false"/>
         <menuitem text="To Yahoo CSV" enabled="false"/>
         <menu text="Friend">
    	     <menuitem text="To vCard" enabled="false"/>
    	     <menuitem text="To OPML" enabled="false"/>
         </menu>
      </menu>
      <menu text="Tools">
      	<menuitem text="Notify Friends" enabled="false"/>
      </menu>
      <menu text="Preferences">
         <checkboxmenuitem text="Hide email addresses" name="spamProtect" selected="true"/>
         <checkboxmenuitem text="Generate N3" name="n3" selected="false"/>
      </menu>      
      <menu text="Help">
      	<menuitem text="Help" enabled="false"/>
      	<separator/>
      	<menuitem text="About" enabled="false"/>
      </menu>
   </menubar>
   <label weightx="1" halign="center" icon="/icons/foafButton1.gif" />  
   <tabbedpane weighty="1" placement="top" selected="0" action="tabchanged">
     <tab text="Start"/>
     <panel gap="4" name="start" columns="1">
     	<label weightx="1" text="Welcome to the FOAF-a-Matic" alignment="center"/>
		<textarea name="instructions" weightx="2" weighty="2" editable="false"/>
     </panel>
     <tab text="Personal" tooltip="foaf:Person"/>
     <panel gap="4" name="personal" columns="2">
         
         <label name="foaf:title_label" text="Title" weightx="1" icon="/icons/yellowface.gif" tooltip="foaf:title"/>
         <textfield name="foaf:title" weightx="2" />
         
         <label name="foaf:firstName_label" text="First Name" weightx="1" icon="/icons/greenface.gif" tooltip="foaf:firstName"/>
         <textfield name="foaf:firstName" weightx="2" action="checkState(this, this.text, this.name)"/>         
         
         <label name="foaf:surname_label" text="Last Name" weightx="1" icon="/icons/greenface.gif" tooltip="foaf:surname"/>
         <textfield name="foaf:surname" weightx="2" action="checkState(this, this.text, this.name)"/>         
         
         <label name="foaf:nick_label" text="Nickname" weightx="1" tooltip="foaf:nick" icon="/icons/yellowface.gif"/>
         <textfield name="foaf:nick" weightx="2"/>         
         
         <label name="foaf:mbox_label" text="Email Address" weightx="1"  icon="/icons/greenface.gif" tooltip="foaf:mbox or foaf:mbox_sha1sum"/>
         <textfield name="foaf:mbox" weightx="2" action="checkState(this, this.text, this.name)"/>      
            
         <label name="foaf:homepage_label" text="Home Page" weightx="1" tooltip="foaf:homepage [resource]" icon="/icons/yellowface.gif"/>
         <textfield name="foaf:homepage" weightx="2"/>         
         
         <label name="foaf:depiction_label" text="Your Picture" weightx="1" tooltip="foaf:depiction [resource]" icon="/icons/yellowface.gif"/>
         <textfield name="foaf:depiction" weightx="2"/>         
         
         <label name="foaf:phone_label" text="Phone Number" weightx="1" tooltip="foaf:phone [resource]" icon="/icons/yellowface.gif"/>
         <textfield name="foaf:phone" weightx="2" name="phone"/>                  
         
     </panel>
     <tab text="Work/School"/>
     <panel gap="4" name="work" columns="2">
     
         <label name="foaf:schoolHomepage_label" text="School Homepage" weightx="1" tooltip="foaf:schoolHomepage" icon="/icons/yellowface.gif"/>
         <textfield name="foaf:schoolHomepage" weightx="2" />     

         <label name="foaf:workplaceHomepage_label" text="Work Homepage" weightx="1" tooltip="foaf:workplaceHomepage" icon="/icons/yellowface.gif"/>
         <textfield name="foaf:workplaceHomepage" weightx="2" />     

         <label name="foaf:workInfoHomepage_label" text="Work Info Homepage" weightx="1" tooltip="foaf:workInfoHomepage" icon="/icons/yellowface.gif"/>
         <textfield name="foaf:workInfoHomepage" weightx="2" />     
     
     </panel>
     <tab text="Friends"/>
     <panel gap="4" columns="1">
     
     	<label/>
     	
     	<table selection="multiple" name="friends" action="showFriend">
		  <column text="First Name"/>
		  <column text="Last Name"/>
		  <column text="Email" />
		  <column text="Nick" />		  
		  <column text="FOAF" />		  
		</table>
				
		<panel gap="4" name="friend_entry" columns="2" weightx="2" weighty="2" valign="center">
				         
		         <label name="foaf:friend_firstName_label" text="First Name" weightx="2" icon="/icons/greenface.gif" tooltip="foaf:firstName"/>
		         <textfield name="foaf:friend_firstName" weightx="2" action="checkState(this, this.text, this.name)"/>         
		         
		         <label name="foaf:friend_surname_label" text="Last Name" weightx="2" icon="/icons/greenface.gif" tooltip="foaf:surname"/>
		         <textfield name="foaf:friend_surname" weightx="2" action="checkState(this, this.text, this.name)"/>   		
				
		         <label name="foaf:friend_nick_label" text="Nickname" weightx="2" icon="/icons/yellowface.gif" tooltip="foaf:nick"/>
		         <textfield name="foaf:friend_nick" weightx="2"/>     
		
		         <label name="foaf:friend_mbox_label" text="Email" weightx="1" icon="/icons/greenface.gif" tooltip="foaf:mbox or foaf:mbox_sha1sum"/>
		         <textfield name="foaf:friend_mbox" weightx="2" action="checkState(this, this.text, this.name)"/>
		
		         <label name="rdfs:friend_seeAlso_label" text="FOAF" weightx="2" icon="/icons/yellowface.gif" tooltip="rdfs:seeAlso [resource]"/>
		         <textfield name="rdfs:friend_seeAlso" weightx="2"/>     
		         
			</panel>
			
	   <panel gap="4">
	   			
	         <button weightx="2" action="addFriend" text="Add" icon="/icons/foafTiny.gif" tooltip="Add Friend"/>
	         <button weightx="2" action="updateFriend" text="Update" icon="/icons/foafTiny.gif" tooltip="Update Friend"/>	         
	         <button weightx="2" action="deleteFriend" text="Delete" icon="/icons/foafTiny.gif" tooltip="Delete Friend"/>
	         			
		</panel>
				         		
     </panel>     
     <tab text="Documents"/>
     <panel gap="4" name="documents" columns="2"/>
     <tab text="Projects"/>     
     <panel gap="4" name="projects" columns="2"/>
     <tab text="Misc"/>
     <panel gap="4" name="misc" columns="2">
     </panel>     
   </tabbedpane>  
   
</panel>